[
  {
    "metadata": {
      "id": "a6a0c5b2-d078-4bf5-a9ee-4e37054414b3",
      "publisherId": "formulahendry.code-runner",
      "publisherDisplayName": "formulahendry"
    },
    "name": "code-runner",
    "publisher": "formulahendry",
    "version": "0.11.4"
  },
  {
    "metadata": {
      "id": "e337c67b-55c2-4fef-8949-eb260e7fb7fd",
      "publisherId": "Shan.code-settings-sync",
      "publisherDisplayName": "Shan"
    },
    "name": "code-settings-sync",
    "publisher": "Shan",
    "version": "3.4.3"
  },
  {
    "metadata": {
      "id": "f6dbd813-b0a0-42c1-90ea-10dde9d925a7",
      "publisherId": "streetsidesoftware.code-spell-checker",
      "publisherDisplayName": "streetsidesoftware"
    },
    "name": "code-spell-checker",
    "publisher": "streetsidesoftware",
    "version": "1.10.2"
  },
  {
    "metadata": {
      "id": "1ad9763e-4b6c-4eb4-b7af-2e5f0fdaaccb",
      "publisherId": "streetsidesoftware.code-spell-checker-russian",
      "publisherDisplayName": "streetsidesoftware"
    },
    "name": "code-spell-checker-russian",
    "publisher": "streetsidesoftware",
    "version": "0.2.10"
  },
  {
    "metadata": {
      "id": "690b692e-e8a9-493f-b802-8089d50ac1b2",
      "publisherId": "ms-vscode.cpptools",
      "publisherDisplayName": "ms-vscode"
    },
    "name": "cpptools",
    "publisher": "ms-vscode",
    "version": "1.5.0-insiders"
  },
  {
    "metadata": {
      "id": "99b17261-8f6e-45f0-9ad5-a69c6f509a4f",
      "publisherId": "ms-vscode.cpptools-themes",
      "publisherDisplayName": "ms-vscode"
    },
    "name": "cpptools-themes",
    "publisher": "ms-vscode",
    "version": "1.0.0"
  },
  {
    "metadata": {
      "id": "3b1db1fc-c7f7-4bd6-9fa4-b499dfa99a8a",
      "publisherId": "shd101wyy.markdown-preview-enhanced",
      "publisherDisplayName": "shd101wyy"
    },
    "name": "markdown-preview-enhanced",
    "publisher": "shd101wyy",
    "version": "0.5.21"
  },
  {
    "metadata": {
      "id": "1a030783-e026-4886-a15b-24a2e5a2248f",
      "publisherId": "axetroy.vscode-external",
      "publisherDisplayName": "axetroy"
    },
    "name": "vscode-external",
    "publisher": "axetroy",
    "version": "0.1.0"
  },
  {
    "metadata": {
      "id": "8699dfcb-4beb-4760-b976-c46dcdd87df2",
      "publisherId": "KnisterPeter.vscode-github",
      "publisherDisplayName": "KnisterPeter"
    },
    "name": "vscode-github",
    "publisher": "KnisterPeter",
    "version": "0.30.6"
  },
  {
    "metadata": {
      "id": "9ccc1dd7-7ec4-4a46-bd4f-7d7b8b9d322a",
      "publisherId": "vscode-icons-team.vscode-icons",
      "publisherDisplayName": "vscode-icons-team"
    },
    "name": "vscode-icons",
    "publisher": "vscode-icons-team",
    "version": "11.5.0"
  },
  {
    "metadata": {
      "id": "392df454-688b-4d61-8dba-a12956ac6448",
      "publisherId": "MS-CEINTL.vscode-language-pack-ru",
      "publisherDisplayName": "MS-CEINTL"
    },
    "name": "vscode-language-pack-ru",
    "publisher": "MS-CEINTL",
    "version": "1.57.1"
  }
]